{"tiny_bridge_4p_psro_sparse_02.10.02PM_May-03-2022csgtjune": {"player_0": {"br_policy_reward_mean": {"iter_1": 56.88279301745636, "iter_500": 30.03409090909091, "iter_1000": 47.399103139013455, "iter_1500": 36.31410256410256, "iter_2000": 16.322241681260945, "iter_2500": 6.785216178521618, "iter_3000": 13.45, "iter_4000": 12.098865478119935, "iter_5000": 13.70429252782194, "iter_6000": 41.88084112149533, "iter_7000": 16.098484848484848, "iter_8500": 42.6525198938992, "iter_10500": 19.444444444444443, "iter_13000": 30.328054298642535, "iter_15500": 35.717592592592595}}, "player_1": {"br_policy_reward_mean": {"iter_1": 71.89655172413794, "iter_500": 1.404494382022472, "iter_1000": -0.24480712166172106, "iter_1500": 2.3688663282571913, "iter_2000": 3.4910277324632952, "iter_2500": 10.268138801261829, "iter_3000": 8.090490797546012, "iter_4000": 4.773082942097027, "iter_5000": 19.056818181818183, "iter_6000": 6.567796610169491, "iter_7000": 9.098214285714286, "iter_8500": 9.178571428571429, "iter_10500": 29.735812133072407, "iter_13000": 11.453488372093023, "iter_15500": 22.760416666666668}}}, "tiny_bridge_4p_psro_sparse_02.08.01PM_May-03-20223tjbjh6v": {"player_0": {"br_policy_reward_mean": {"iter_1": 61.901595744680854, "iter_500": 23.542199488491047, "iter_1000": 4.334935897435898, "iter_1500": 4.708646616541353, "iter_2000": 37.781065088757394, "iter_2500": 40.23255813953488, "iter_3000": 35.38265306122449, "iter_4000": 50.46875, "iter_5000": 50.18181818181818, "iter_6000": 53.32446808510638, "iter_7000": 42.11031175059952, "iter_8500": 28.67132867132867, "iter_10500": 39.01470588235294, "iter_13000": 18.786848072562357, "iter_15500": 70.3883495145631}}, "player_1": {"br_policy_reward_mean": {"iter_1": 66.42679900744417, "iter_500": 3.6842105263157894, "iter_1000": 1.2374581939799332, "iter_1500": 2.6426174496644297, "iter_2000": 5.525394045534151, "iter_2500": 8.93884892086331, "iter_3000": 8.35, "iter_4000": 14.307304785894207, "iter_5000": 14.39102564102564, "iter_6000": 10.262096774193548, "iter_7000": 1.8894389438943895, "iter_8500": 20.092378752886837, "iter_10500": 2.9815745393634843, "iter_13000": 2.992957746478873, "iter_15500": 21.97072072072072}}}, "tiny_bridge_4p_psro_sparse_02.09.08PM_May-03-20228nosamgw": {"player_0": {"br_policy_reward_mean": {"iter_1": 78.48039215686275, "iter_500": 29.14004914004914, "iter_1000": 16.929460580912863, "iter_1500": 15.764462809917354, "iter_2000": 27.798053527980535, "iter_2500": 27.154761904761905, "iter_3000": 53.15573770491803, "iter_4000": 57.324929971988794, "iter_5000": 36.30281690140845, "iter_6000": 33.87527839643653, "iter_7000": 28.434684684684683, "iter_8500": 46.968503937007874, "iter_10500": 46.20805369127517, "iter_13000": 54.82035928143713, "iter_15500": 48.225806451612904}}, "player_1": {"br_policy_reward_mean": {"iter_1": 42.94392523364486, "iter_500": -0.18488745980707397, "iter_1000": -0.27375201288244766, "iter_1500": 9.454545454545455, "iter_2000": 7.2944078947368425, "iter_2500": 14.241758241758241, "iter_3000": 6.006884681583477, "iter_4000": -0.20100502512562815, "iter_5000": 0.9612141652613828, "iter_6000": 12.61437908496732, "iter_7000": 12.816091954022989, "iter_8500": 3.542056074766355, "iter_10500": 0.1951219512195122, "iter_13000": 4.6371681415929205, "iter_15500": -4.943422913719943}}}}